<?xml version="1.0" encoding="UTF-8"?>
<EasyForm Name="f_EventList" Class="EasyForm" FormType="List" jsClass="jbForm" Title="Sports Events" Description="Event BizForm" BizDataObj="easy.d_Event" PageSize="10" DefaultForm="Y" TemplateEngine="Smarty" TemplateFile="grid.tpl">
    <DataPanel>
        <Element Name="row_selections" Class="RowCheckbox" FieldName="Id" Label=""/>
        <Element Name="fld_id" Class="ColumnText" FieldName="Id" Label="Event Id"/>
        <Element Name="fld_name" Class="ColumnText" FieldName="Name" Label="Name" Sortable="Y" Link="controller.php?view=easy.v_EventDetail&amp;fld:Id={@:Elem[fld_id].Value}"/>
        <Element Name="fld_host" Class="ColumnText" FieldName="Host" Label="Host"/>
        <Element Name="fld_loc" Class="ColumnText" FieldName="Location" Label="Location"/>
        <Element Name="fld_start" Class="ColumnText" FieldName="Start" Label="Start"/>
        <Element Name="fld_end" Class="ColumnText" FieldName="End" Label="End"/>
        <Element Name="fld_desc" Class="ColumnText" FieldName="Description" Label="Description"/>
    </DataPanel>
    <ActionPanel>
        <Element Name="btn_edit" Class="Button" Text="Edit" CssClass="button">
            <EventHandler Name="onclick" Event="onclick" Function="EditRecord()" RedirectPage="controller.php?view=easy.v_EventEdit&amp;fld:Id={@:Elem[fld_id].Value}"/>
        </Element>
        <Element Name="lnk_new" Class="LabelText" Text="New" CssClass="button" Link="controller.php?view=easy.v_EventNew" Style="padding: 1 10 1 10; color:black;">
        </Element>
        <Element Name="btn_delete" Class="Button" Text="Delete" CssClass="button">
            <EventHandler Name="onclick" Event="onclick" Function="DeleteRecord()"/>
        </Element>
        <Element Name="btn_excel" Class="Button" text="Export" CssClass="button">
            <EventHandler Name="onclick" Event="onclick" Function="CallService(excelService,renderCSV)" FunctionType="Popup"/>
        </Element>
        <Element Name="btn_imp" Class="Button" text="Import" CssClass="button">
            <EventHandler Name="onclick" Event="onclick" Function="LoadPopForm(common.v_Popup,common.f_Import)" FunctionType="Prop_Window"/>
        </Element>
    </ActionPanel> 
    <NavPanel>
        <Element Name="btn_first" Class="Button" Image="prevfirst.gif" Enabled="{(@:m_CurrentPage == 1)?'N':'Y'}" Text="First" CssClass="button">
            <EventHandler Name="onclick" Event="onclick" Function="GotoPage(1)"/>
        </Element>
        <Element Name="btn_prev" Class="Button" Image="prev.gif" Enabled="{(@:m_CurrentPage == 1)?'N':'Y'}" Text="Previous" CssClass="button">
            <EventHandler Name="onclick" Event="onclick" Function="GotoPage({@:m_CurrentPage - 1})" ShortcutKey="Ctrl+Shift+Left"/>
        </Element>
        <Element Name="txt_page" Class="LabelText" Text="{'@:m_CurrentPage of @:m_TotalPages '}">
        </Element>
        <Element Name="btn_next" Class="Button" Image="next.gif" Enabled="{(@:m_CurrentPage == @:m_TotalPages )?'N':'Y'}" Text="Next" CssClass="button">
            <EventHandler Name="onclick" Event="onclick" Function="GotoPage({@:m_CurrentPage + 1})" ShortcutKey="Ctrl+Shift+Right"/>
        </Element>
        <Element Name="btn_last" Class="Button" Image="nextlast.gif" Enabled="{(@:m_CurrentPage == @:m_TotalPages )?'N':'Y'}" Text="Last" CssClass="button">
            <EventHandler Name="onclick" Event="onclick" Function="GotoPage({@:m_TotalPages})"/>
        </Element>
    </NavPanel> 
    <SearchPanel>
        <Element Name="qry_name" Class="InputText" FieldName="Name" Label="Name"/>
        <Element Name="btn_dosearch" Class="Button" text="Search" CssClass="button">
            <EventHandler Name="onclick" Event="onclick" Function="RunSearch()" ShortcutKey="Enter"/>
        </Element>
    </SearchPanel>
</EasyForm>
