<?xml version="1.0" encoding="UTF-8"?>
<EasyForm Name="f_EventDetail" Class="EasyForm" jsClass="jbForm" Title="Sports Events" Description="Event BizForm" BizDataObj="easy.d_Event" DefaultForm="Y" TemplateEngine="Smarty" TemplateFile="detail.tpl">
    <DataPanel>
        <Element Name="fld_id" Class="LabelText" FieldName="Id" Label="Event Id"/>
        <Element Name="fld_name" Class="LabelText" FieldName="Name" Label="Name" Sortable="Y"/>
        <Element Name="fld_host" Class="LabelText" FieldName="Host" Label="Host"/>
        <Element Name="fld_loc" Class="LabelText" FieldName="Location" Label="Location"/>
        <Element Name="fld_start" Class="LabelText" FieldName="Start" Label="Start"/>
        <Element Name="fld_end" Class="LabelText" FieldName="End" Label="End"/>
        <Element Name="fld_desc" Class="LabelText" FieldName="Description" Label="Description"/>
    </DataPanel>
    <ActionPanel>
        <Element Name="lnk_list" Class="LabelText" Text="Back to list" CssClass="button" Link="controller.php?view=easy.v_EventList" Style="padding: 1 10 1 10; color:black;">
        </Element>
        <Element Name="lnk_edit" Class="LabelText" Text="Edit" CssClass="button" Link="controller.php?view=easy.v_EventEdit&amp;fld:Id={$_GET['fld:Id']}" Style="padding: 1 10 1 10; color:black;">
        </Element>
        <Element Name="lnk_new" Class="LabelText" Text="New" CssClass="button" Link="controller.php?view=easy.v_EventNew" Style="padding: 1 10 1 10; color:black;">
        </Element>
        <!--<Element Name="btn_edit" Class="Button" text="Edit" CssClass="button">
            <EventHandler Name="onclick" Event="onclick" Function="LoadEditView(easy.v_EventEdit,easy.f_EventEdit,{$_GET['fld:Id']})"/>
        </Element>
        <Element Name="btn_new" Class="Button" Text="New" CssClass="button">
            <EventHandler Name="onclick" Event="onclick" Function="LoadNewView(easy.v_EventNew,easy.f_EventNew)"/>
        </Element>-->
        <Element Name="btn_delete" Class="Button" Text="Delete" CssClass="button">
            <EventHandler Name="onclick" Event="onclick" Function="DeleteRecord({$_GET['fld:Id']})" ShortcutKey="Delete" ContextMenu="Delete" RedirectPage="controller.php?view=easy.v_EventList"/>
            <!--<EventHandler Name="onclick" Event="onclick" Function="DeleteRecord({$_GET['fld:Id']})" ShortcutKey="Delete" ContextMenu="Delete" RedirectPage="#back"/>-->
        </Element>
    </ActionPanel> 
    <NavPanel>
    </NavPanel> 
    <SearchPanel>
    </SearchPanel>
</EasyForm>
