<?xml version="1.0" encoding="UTF-8"?>
<EasyForm Name="f_EasyViewEdit" Class="F_ElementEdit" FormType="Edit" jsClass="jbForm" Title="" Description="" BizDataObj="" DefaultForm="Y" TemplateEngine="Smarty" TemplateFile="detail.tpl">
    <DataPanel>
        <Element Name="fld_name" Class="InputText" FieldName="Name" Label="Name" Width="200"/>
        <Element Name="fld_class" Class="EditCombobox" FieldName="Class" Label="Class" SelectFrom="|EasyView|DynaView" width="200"/>
        <Element Name="fld_desc" Class="Textarea" FieldName="Description" Label="Description" width="400"/>
        <Element Name="fld_tplengine" Class="Listbox" FieldName="TemplateEngine" Label="Template Engine" SelectFrom="tool.Selection(TemplateEngine)" Width="200"/>
        <Element Name="fld_tplfile" Class="InputText" FieldName="TemplateFile" Label="Template File" width="200"/>
    </DataPanel>
    <ActionPanel>
        <Element Name="btn_save" Class="Button" Text="Save" CssClass="button">
            <EventHandler Name="onclick" Event="onclick" function="SaveRecord()"/>
        </Element>
        <Element Name="btn_reset" Class="ResetButton" Text="Reset" CssClass="button">
        </Element>
        <Element Name="html_msg" Class="HTMLBlock" text="" style="color:gray; padding:2"/>
    </ActionPanel> 
    <NavPanel>
    </NavPanel> 
    <SearchPanel>
    </SearchPanel>
</EasyForm>
