<?xml version="1.0" encoding="UTF-8"?>
<EasyForm Name="f_ElementEdit" Class="F_ElementEdit" FormType="Edit" jsClass="jbForm" Title="edit Element" Description="" BizDataObj="" DefaultForm="Y" TemplateEngine="Smarty" TemplateFile="detail.tpl">
    <DataPanel>
        <Element Name="fld_name" Class="InputText" FieldName="Name" Label="Name" Width="200"/>
        <Element Name="fld_class" Class="EditCombobox" FieldName="Class" Label="Class" SelectFrom="tool.Selection(ElementClass)" Width="200">
            <EventHandler Name="onchange" Event="onchange" Function="UpdateForm()"/>
        </Element>
        <Element Name="fld_desc" Class="Textarea" FieldName="Description" Label="Description" width="400" height="30"/>
        <Element Name="fld_fldname" Class="tool.ToolListbox" FieldName="FieldName" Label="FieldName" SelectFrom="fields(/EasyForm/@BizDataObj)" Width="200"/>
        <Element Name="fld_link" Class="Textarea" FieldName="Link" Label="Link" Width="400" height="30"/>
        <Element Name="fld_label" Class="InputText" FieldName="Label" Label="Label" Width="200"/>
        <Element Name="fld_sortable" Class="Listbox" FieldName="Sortable" Label="Sortable" SelectFrom="tool.Selection(NY)" Width="200" Hidden="{(@:Elem[fld_class].Value == 'ColumnText')?'N':'Y'}"/>
        <Element Name="fld_default" Class="InputText" FieldName="DefaultValue" Label="DefaultValue" Width="200" Hidden="{(@:Elem[fld_class].Value == 'ColumnText')?'Y':'N'}"/>
        <Element Name="fld_req" Class="Listbox" FieldName="Required" Label="Required" SelectFrom="tool.Selection(NY)" Width="200"/>
        <Element Name="fld_enabled" Class="Textarea" FieldName="Enabled" Label="Enabled" Width="400" height="30"/>
        <Element Name="fld_text" Class="InputText" FieldName="Text" Label="Text" Width="200"/>
        <element Name="fld_selfrom" Class="InputText" FieldName="SelectFrom" Label="SelectFrom" Width="200" Hidden="{(@:Elem[fld_class].Value == 'Listbox') || (@:Elem[fld_class].Value == 'Checkbox') || (@:Elem[fld_class].Value == 'Radio') ? 'N':'Y'}"/>
        <Element Name="fld_picker" Class="InputText" FieldName="ValuePicker" Label="ValuePicker" Width="200" Hidden="{(@:Elem[fld_class].Value == 'InputPicker')?'N':'Y'}"/>
        <Element Name="fld_pickermap" Class="Textarea" FieldName="PickerMap" Label="PickerMap" Width="400" height="30" Hidden="{(@:Elem[fld_class].Value == 'InputPicker')?'N':'Y'}"/>
        <Element Name="fld_dateformat" Class="InputText" FieldName="DateFormat" Label="DateFormat" Width="200" Hidden="{(@:Elem[fld_class].Value == 'InputDate') || (@:Elem[fld_class].Value == 'InputDatetime') ? 'N':'Y'}"/>
        <element Name="fld_css" Class="InputText" FieldName="CssClass" Label="CssClass" Width="200"/>
        <Element Name="fld_style" Class="InputText" FieldName="Style" Label="Style" Width="200"/>
        <Element Name="fld_width" Class="InputText" FieldName="Width" Label="Width" Width="200"/>
        <element Name="fld_height" Class="InputText" FieldName="Height" Label="Height" Width="200"/>
        <Element Name="fld_hidden" Class="Textarea" FieldName="Hidden" Label="Hidden" Width="400" height="30"/>
        <Element Name="fld_htmlattr" Class="Textarea" FieldName="HTMLAttr" Label="HTMLAttr" Width="400" height="30"/>
    </DataPanel>
    <ActionPanel>
        <Element Name="btn_save" Class="Button" Text="Save" CssClass="button">
            <EventHandler Name="onclick" Event="onclick" function="SaveRecord()"/>
        </Element>
        <Element Name="btn_reset" Class="ResetButton" Text="Reset" CssClass="button">
        </Element>
        <Element Name="html_msg" Class="HTMLBlock" text="" style="color:gray; padding:2"/>
    </ActionPanel> 
    <NavPanel>
    </NavPanel> 
    <SearchPanel>
    </SearchPanel>
</EasyForm>
