<?xml version="1.0" encoding="UTF-8"?>
<EasyForm Name="f_JoinEdit" Class="F_ElementEdit" FormType="Edit" jsClass="jbForm" Title="" Description="" BizDataObj="" DefaultForm="Y" TemplateEngine="Smarty" TemplateFile="detail.tpl">
    <DataPanel>
        <Element Name="fld_name" Class="InputText" FieldName="Name" Label="Name" Width="200"/>
        <Element Name="fld_table" Class="tool.ToolListbox" FieldName="Table" Label="Table" SelectFrom="tables()" Width="200">
            <EventHandler Name="onchange" Event="onchange" Function="UpdateForm()"/>
        </Element>
        <Element Name="fld_column" Class="tool.ToolListbox" FieldName="Column" Label="Column" SelectFrom="columns($fld_table)" Width="200"/>
        <Element Name="fld_joinref" Class="tool.ToolListbox" FieldName="JoinRef" Label="Referred Join" SelectFrom="joins()" Width="200">
            <EventHandler Name="onchange" Event="onchange" Function="UpdateForm()"/>
        </Element>
        <Element Name="fld_columnref" Class="tool.ToolListbox" FieldName="ColumnRef" Label="Referred Column" SelectFrom="columns(/BizDataObj/@Table,$fld_joinref)" Width="200"/>
        <Element Name="fld_jointype" Class="Listbox" FieldName="JoinType" Label="Join Type" SelectFrom="tool.Selection(JoinType)" Width="200"/>
    </DataPanel>
    <ActionPanel>
        <Element Name="btn_save" Class="Button" Text="Save" CssClass="button">
            <EventHandler Name="onclick" Event="onclick" function="SaveRecord()"/>
        </Element>
        <Element Name="btn_reset" Class="ResetButton" Text="Reset" CssClass="button">
        </Element>
        <Element Name="html_msg" Class="HTMLBlock" text="" style="color:gray; padding:2"/>
    </ActionPanel> 
    <NavPanel>
    </NavPanel> 
    <SearchPanel>
    </SearchPanel>
</EasyForm>
