<?xml version="1.0" standalone="no"?>
<BizDataObj Name="d_tree_item" Description="" Class="BizDataObj" DBName="Demo" Table="tree_item" SearchRule="" SortRule="" OtherSQLRule="" Uniqueness="" Stateless="N" IdGeneration="Identity">
	<BizFieldList>
	    	<BizField Name="Id" Column="id"     Type="Number"/>
        	<BizField Name="name" Column="name" Length="50"   Required="N" Type="Text"/>
        	<BizField Name="description" Column="description" Length="255"   Required="N" Type="Text"/>
    	</BizFieldList>
    <TableJoins>
    </TableJoins>
    <ObjReferences>
    </ObjReferences>
</BizDataObj>