<?xml version="1.0" standalone="no"?>
<BizDataObj Name="d_tree_structure" Description="" Class="BizDataObj" DBName="Demo" Table="tree_structure" SortRule="" OtherSQLRule="" Uniqueness="" Stateless="N" IdGeneration="Identity">
	<BizFieldList>
	    	<BizField Name="Id" Column="id" Type="Number"/>
        	<BizField Name="PId" Column="parent_id" Required="Y" Type="Number"/>
        	<BizField Name="Name" Column="name" Length="50" Required="Y" Type="Text"/>
        	<BizField Name="ObjectId" Column="object_id" Type="Number"/>
    	</BizFieldList>
    <TableJoins>
    </TableJoins>
    <ObjReferences>
        <Object Name="easy.d_tree_item" Relationship="M-1" Table="tree_item" Column="id" FieldRef="ObjectId"/>
    </ObjReferences>
</BizDataObj>
