<?xml version="1.0" encoding="UTF-8"?>
<EasyForm Name="f_AttendeeDetail" class="EasyForm" FormType="" jsClass="jbForm" Title="Event Attendees" Description="Attendee Form" BizDataObj="easy.d_Attendee" TemplateEngine="Smarty" TemplateFile="detail.tpl">
    <DataPanel>
        <Element Name="fld_id" Class="ColumnText" FieldName="Id" Label="Attendee Id"/>
        <Element Name="fld_fname" Class="ColumnText" FieldName="FirstName" Label="First Name"/>
        <Element Name="fld_lname" Class="ColumnText" FieldName="LastName" Label="Last Name"/>
        <Element Name="fld_phone" Class="ColumnText" FieldName="Phone" Label="Phone"/>
        <Element Name="fld_email" Class="ColumnText" FieldName="Email" Label="Email"/>
        <Element Name="fld_addr" Class="ColumnText" FieldName="Address" Label="Address"/>
        <Element Name="fld_desc" Class="ColumnText" FieldName="Description" Label="Description"/>
    </DataPanel>
    <ActionPanel>
        <Element Name="lnk_list" Class="LabelText" Text="Back to list" CssClass="button" Link="controller.php?view=easy.v_Attendee&amp;form=easy.f_AttendeeList&amp;cform=common.f_AttachList" Style="padding: 1 10 1 10; color:black;">
        </Element>
        <Element Name="lnk_edit" Class="LabelText" Text="Edit" CssClass="button" Link="controller.php?view=easy.v_Attendee&amp;form=easy.f_AttendeeEdit&amp;fld:Id={$_GET['fld:Id']}" Style="padding: 1 10 1 10; color:black;">
        </Element>
        <Element Name="btn_edit" Class="Button" Text="Edit (Popup Form)" CssClass="button">
            <!--<EventHandler Name="onclick" Event="onclick" Function="EditRecord()" RedirectPage="controller.php?view=easy.v_Attendee&amp;form=easy.f_AttendeeEdit&amp;fld:Id={@:Elem[fld_id].Value}"/>-->
            <EventHandler Name="onclick" Event="onclick" Function="EditRecord({@:Elem[fld_id].Value})" FunctionType="Prop_Dialog" RedirectPage="form=easy.f_AttendeeEdit&amp;fld:Id={@:Elem[fld_id].Value}"/>
        </Element>
        <Element Name="lnk_new" Class="LabelText" Text="New" CssClass="button" Link="controller.php?view=easy.v_Attendee&amp;form=easy.f_AttendeeNew" Style="padding: 1 10 1 10; color:black;">
        </Element>
        <Element Name="btn_delete" Class="Button" Text="Delete" CssClass="button">
            <EventHandler Name="onclick" Event="onclick" Function="DeleteRecord({$_GET['fld:Id']})" ShortcutKey="Delete" ContextMenu="Delete" RedirectPage="controller.php?view=v_Regist&amp;form=easy.f_AttendeeList"/>
        </Element>
    </ActionPanel> 
    <NavPanel>
    </NavPanel> 
    <SearchPanel>
    </SearchPanel>
</EasyForm>

