<?xml version="1.0" encoding="UTF-8"?>
<EasyForm Name="f_AttendeeList" class="EasyForm" FormType="List" jsClass="jbForm" Title="Event Attendees" Description="Attendee Form" BizDataObj="easy.d_Attendee" PageSize="10" TemplateEngine="PHP" TemplateFile="grid_php.tpl">
    <DataPanel>
        <Element Name="fld_id" Class="ColumnText" FieldName="Id" Label="Attendee Id" Link="controller.php?view=easy.v_Attendee&amp;form=easy.f_AttendeeDetail&amp;fld:Id={@:Elem[fld_id].Value}"/>
        <Element Name="fld_fname" Class="ColumnText" FieldName="FirstName" Label="First Name"/>
        <Element Name="fld_lname" Class="ColumnText" FieldName="LastName" Label="Last Name" Sortable="Y"/>
        <Element Name="fld_phone" Class="ColumnText" FieldName="Phone" Label="Phone"/>
        <Element Name="fld_email" Class="ColumnText" FieldName="Email" Label="Email"/>
        <Element Name="fld_addr" Class="ColumnText" FieldName="Address" Label="Address"/>
        <Element Name="fld_desc" Class="ColumnText" FieldName="Description" Label="Description"/>
    </DataPanel>
    <ActionPanel>
        <Element Name="btn_edit" Class="Button" Text="Edit (Popup Form)" CssClass="button">
            <!--<EventHandler Name="onclick" Event="onclick" Function="EditRecord()" RedirectPage="controller.php?view=easy.v_Attendee&amp;form=easy.f_AttendeeEdit&amp;fld:Id={@:Elem[fld_id].Value}"/>-->
            <EventHandler Name="onclick" Event="onclick" Function="EditRecord()" FunctionType="Prop_Dialog" RedirectPage="form=easy.f_AttendeeEdit&amp;fld:Id={@:Elem[fld_id].Value}"/>
        </Element>
        <!--<Element Name="lnk_new" Class="LabelText" Text="New" CssClass="button" Link="controller.php?view=easy.v_Attendee&amp;form=easy.f_AttendeeNew" Style="padding: 1 10 1 10; color:black;"/>-->
        <Element Name="btn_new" Class="Button" Text="New (Toggle Form)" CssClass="button">
            <EventHandler Name="onclick" Event="onclick" Function="NewRecord()" RedirectPage="form=easy.f_AttendeeNew"/>
        </Element>
        <Element Name="btn_delete" Class="Button" Text="Delete" CssClass="button">
            <EventHandler Name="onclick" Event="onclick" Function="DeleteRecord()"/>
        </Element>
        <Element Name="btn_excel" Class="Button" Image="excel.gif" Text="Excel Export" CssClass="button">
            <EventHandler Name="onclick" Event="onclick" Function="CallService(excelService,renderCSV)" FunctionType="Popup"/>
        </Element>
    </ActionPanel> 
    <NavPanel>
        <Element Name="btn_first" Class="Button" Image="prevfirst.gif" Enabled="{(@:m_CurrentPage == 1)?'N':'Y'}" Text="First" CssClass="button">
            <EventHandler Name="onclick" Event="onclick" Function="GotoPage(1)"/>
        </Element>
        <Element Name="btn_prev" Class="Button" Image="prev.gif" Enabled="{(@:m_CurrentPage == 1)?'N':'Y'}" Text="Previous" CssClass="button">
            <EventHandler Name="onclick" Event="onclick" Function="GotoPage({@:m_CurrentPage - 1})" ShortcutKey="Ctrl+Shift+Left"/>
        </Element>
        <Element Name="txt_page" Class="LabelText" Text="{'@:m_CurrentPage of @:m_TotalPages '}">
        </Element>
        <Element Name="btn_next" Class="Button" Image="next.gif" Enabled="{(@:m_CurrentPage == @:m_TotalPages )?'N':'Y'}" Text="Next" CssClass="button">
            <EventHandler Name="onclick" Event="onclick" Function="GotoPage({@:m_CurrentPage + 1})" ShortcutKey="Ctrl+Shift+Right"/>
        </Element>
        <Element Name="btn_last" Class="Button" Image="nextlast.gif" Enabled="{(@:m_CurrentPage == @:m_TotalPages )?'N':'Y'}" Text="Last" CssClass="button">
            <EventHandler Name="onclick" Event="onclick" Function="GotoPage({@:m_TotalPages})"/>
        </Element>
    </NavPanel> 
    <SearchPanel>
        <Element Name="qry_lname" Class="InputText" FieldName="LastName" Label="Last Name"/>
        <Element Name="btn_dosearch" Class="Button" text="Search" CssClass="button">
            <EventHandler Name="onclick" Event="onclick" Function="RunSearch()" ShortcutKey="Enter"/>
        </Element>
    </SearchPanel>
</EasyForm>

