<?xml version="1.0" encoding="UTF-8"?>
<EasyForm Name="f_AttendeeNew" class="EasyForm" FormType="New" jsClass="jbForm" Title="New Event Attendees" Description="Attendee Form" BizDataObj="easy.d_Attendee" TemplateEngine="Smarty" TemplateFile="detail.tpl">
    <DataPanel>
        <!--<Element Name="fld_id" Class="InputText" FieldName="Id" Label="Attendee Id"/>-->
        <Element Name="fld_fname" Class="InputText" FieldName="FirstName" Label="First Name" Width="200"/>
        <Element Name="fld_lname" Class="InputText" FieldName="LastName" Label="Last Name" Width="200"/>
        <Element Name="fld_phone" Class="InputText" FieldName="Phone" Label="Phone" Width="200"/>
        <Element Name="fld_email" Class="InputText" FieldName="Email" Label="Email" Width="200"/>
        <Element Name="fld_addr" Class="InputText" FieldName="Address" Label="Address" Width="200"/>
        <Element Name="fld_desc" Class="Textarea" FieldName="Description" Label="Description" Width="400" Height="200"/>
    </DataPanel>
    <ActionPanel>
        <Element Name="btn_save" Class="Button" Text="Save" CssClass="button">
            <!--<EventHandler Name="onclick" Event="onclick" Function="SaveRecord()"/>-->
            <EventHandler Name="onclick" Event="onclick" Function="SaveRecord()" RedirectPage="form=easy.f_AttendeeList"/>
        </Element>
        <Element Name="btn_cancel" Class="Button" Text="Cancel" CssClass="button">
            <!--<EventHandler Name="onclick" Event="onclick" Function="js:history.go(-1)"/>-->
            <EventHandler Name="onclick" Event="onclick" Function="Cancel()" RedirectPage="form=easy.f_AttendeeList"/>
        </Element>
    </ActionPanel> 
    <NavPanel>
    </NavPanel> 
    <SearchPanel>
    </SearchPanel>
</EasyForm>

