<?xml version="1.0" encoding="UTF-8"?>
<EasyForm Name="f_AttendeeNewWiz" class="EasyFormWizard" FormType="New" jsClass="jbForm" Title="Add an event attendee" Description="" BizDataObj="easy.d_Attendee" TemplateEngine="Smarty" TemplateFile="detail.tpl">
    <DataPanel>
        <!--<Element Name="fld_id" Class="InputText" FieldName="Id" Label="Attendee Id"/>-->
        <Element Name="fld_fname" Class="InputText" FieldName="FirstName" Label="First Name" Width="200"/>
        <Element Name="fld_lname" Class="InputText" FieldName="LastName" Label="Last Name" Width="200"/>
        <Element Name="fld_phone" Class="InputText" FieldName="Phone" Label="Phone" Width="200"/>
        <Element Name="fld_email" Class="InputText" FieldName="Email" Label="Email" Width="200"/>
        <Element Name="fld_addr" Class="InputText" FieldName="Address" Label="Address" Width="200"/>
        <Element Name="fld_desc" Class="Textarea" FieldName="Description" Label="Description" Width="400" Height="200"/>
    </DataPanel>
    <ActionPanel>
        <Element Name="btn_back" Class="Button" Text="&lt; Back" CssClass="button">
            <EventHandler Name="back_onclick" Event="onclick" Function="GoBack()"/>
        </Element>
        <Element Name="btn_cancel" Class="Button" Text="Cancel" CssClass="button">
            <EventHandler Name="cancel_onclick" Event="onclick" Function="DoCancel()" RedirectPage="controller.php?view=easy.v_Home"/>
        </Element>
        <Element Name="btn_finish" Class="Button" Text="Finish" CssClass="button">
            <EventHandler Name="finish_onclick" Event="onclick" Function="DoFinish()" RedirectPage="controller.php?view=easy.v_EventList"/>
        </Element>
    </ActionPanel> 
    <NavPanel>
    </NavPanel> 
    <SearchPanel>
    </SearchPanel>
</EasyForm>

