<?xml version="1.0" encoding="UTF-8"?>
<EasyForm Name="f_EventNewWiz" Class="EasyFormWizard" FormType="New" jsClass="jbForm" Title="Create an event" Description="" BizDataObj="easy.d_Event" DefaultForm="Y" TemplateEngine="Smarty" TemplateFile="detail.tpl">
    <DataPanel>
        <!--<Element Name="fld_id" Class="InputText" FieldName="Id" Label="Id" Enabled="N"/>-->
        <Element Name="fld_name" Class="InputText" FieldName="Name" Label="Name" Width="200"/>
        <Element Name="fld_host" Class="InputText" FieldName="Host" Label="Host" Width="200"/>
        <Element Name="fld_loc" Class="InputText" FieldName="Location" Label="Location" Width="400"/>
        <Element Name="fld_start" Class="InputDatetime" FieldName="Start" Label="Start" Width="200"/>
        <Element Name="fld_end" Class="InputDatetime" FieldName="End" Label="End" Width="200"/>
        <Element Name="fld_desc" Class="Textarea" FieldName="Description" Label="Description" Width="400" Height="200" text="Please add description of the event"/>
    </DataPanel>
    <ActionPanel>
        <Element Name="btn_next" Class="Button" Text="Next &gt;" CssClass="button">
            <EventHandler Name="next_onclick" Event="onclick" Function="GoNext()"/>
        </Element>
        <Element Name="btn_cancel" Class="Button" Text="Cancel" CssClass="button">
            <EventHandler Name="cancel_onclick" Event="onclick" Function="DoCancel()" RedirectPage="controller.php?view=easy.v_Home"/>
        </Element>
        <Element Name="btn_finish" Class="Button" Text="Finish" CssClass="button">
            <EventHandler Name="finish_onclick" Event="onclick" Function="DoFinish()" RedirectPage="controller.php?view=easy.v_EventList"/>
        </Element>
    </ActionPanel> 
    <NavPanel>
    </NavPanel> 
    <SearchPanel>
    </SearchPanel>
</EasyForm>
