<?xml version="1.0" encoding="UTF-8"?>
<EasyForm Name="f_FldDepend" Class="EasyForm" FormType="Edit" jsClass="myjbForm" Title="Form Element Dependency Demo" Description="" BizDataObj="" DefaultForm="Y" TemplateEngine="Smarty" TemplateFile="detail.tpl">
    <DataPanel>
        <Element Name="fld_combo1" Class="Listbox" FieldName="" Label="Event test combo box" SelectFrom="easy.Selection(TestEvent)">
             <EventHandler Name="onchange" Event="onchange" Function="UpdateForm()"/>
             <EventHandler Name="onmouseover" Event="onmouseover" Function="js_onMouseOverCombo1()"/>
        </Element>
        <Element Name="fld_edit1" Class="InputText" FieldName="" Label="Enable/disable switch" Enabled="{(@:Elem[fld_combo1].Value == 'EnblCtrl')?'Y':'N'}">
        </Element>
        <Element Name="fld_edit2" Class="InputText" FieldName="" Label="Hide/show switch" Hidden="{(@:Elem[fld_combo1].Value == 'HideCtrl')?'Y':'N'}">
        </Element>
        <Element Name="fld_combo2" Class="Listbox" FieldName="" label="cascade combobox" SelectFrom="easy.Selection({@:Elem[fld_combo1].Value}_opt)">
        </Element>
        <Element Name="fld_edit3" Class="InputText" FieldName="" label="change value with js function">
        </Element>
        <Element Name="fld_fname" Class="AutoSuggest" FieldName="Name" label="Auto Suggestion Field - Attendee First Name" SelectFrom="demo.BOAttendee[FullName], [FirstName] like '{@:Elem[fld_fname].Value}%'">
        </Element>
    </DataPanel>
    <ActionPanel>
    </ActionPanel> 
    <NavPanel>
    </NavPanel> 
    <SearchPanel>
    </SearchPanel>
</EasyForm>
