<?xml version="1.0" encoding="UTF-8"?>
<EasyForm Name="f_RegistEdit" Class="EasyForm" FormType="Edit" jsClass="jbForm" Title="Event Registration" Description="" BizDataObj="easy.d_Regist" DefaultForm="Y" TemplateEngine="Smarty" TemplateFile="detail.tpl">
    <DataPanel>
        <element Name="fld_id" Class="LabelText" FieldName="Id" Label="Registration Id"/>
        <Element Name="fld_evtid" Class="InputText" FieldName="EvtId" Label="Event" width="200"/>
        <Element Name="fld_evtname" Class="LabelText" FieldName="" Label="Event Name" text="{@query:FetchField(easy.d_Event, [Id]=@:Element[fld_evtid].Value, Name)}"/>
        <Element Name="fld_attdid" Class="InputText" FieldName="AttendeeId" Label="Attendee Id" Width="200"/>
        <Element Name="fld_attdfn" Class="InputText" FieldName="AttdFName" Label="First Name" Width="200"/>
        <Element Name="fld_attdln" Class="InputPicker" FieldName="AttdLName" Label="Last Name" Width="200" ValuePicker="easy.v_Picker,easy.f_AttendeePicker,fld_attdln" PickerMap="fld_attdid:fld_id,fld_attdfn:fld_fname,fld_attdln:fld_lname"/>
        <Element Name="fld_attdnm" Class="InputText" FieldName="FullName" Label="Full Name" Width="200"/>
        <Element Name="fld_fee" Class="Listbox" FieldName="Fee" Label="Fee" Width="200" SelectFrom="easy.Selection(Fee)"/>
        <Element Name="fld_onschd" Class="Checkbox" FieldName="OnSchedule" Label="On Schedule" SelectFrom="Y"/>
    </DataPanel>
    <ActionPanel>
        <Element Name="btn_save" Class="Button" Text="Save" CssClass="button">
            <EventHandler Name="onclick" Event="onclick" Function="SaveRecord()" ShortcutKey="Enter" ContextMenu="Save" RedirectPage="controller.php?view=easy.v_Regist&amp;form=easy.f_RegistDetail&amp;fld:Id={@:Elem[fld_id].Value}"/>
        </Element>
        <Element Name="btn_cancel" Class="Button" Text="Cancel" CssClass="button">
            <EventHandler Name="onclick" Event="onclick" Function="js:history.go(-1)" ShortcutKey="Escape" ContextMenu="Cancel"/>
        </Element>
    </ActionPanel> 
    <NavPanel>
    </NavPanel> 
    <SearchPanel>
    </SearchPanel>
</EasyForm>
