<?xml version="1.0" encoding="UTF-8"?>
<EasyForm Name="f_tree_item_detail" Class="EasyForm" FormType="" jsClass="jbForm" Title="Details of tree_item" Description="" BizDataObj="easy.d_tree_item" DefaultForm="Y" TemplateEngine="Smarty" TemplateFile="detail.tpl">
    <DataPanel>
        <Element Name="fld_Id" Class="LabelText" FieldName="Id" Label="Id" AllowURLParam="Y"/>
        <Element Name="fld_name" Class="LabelText" FieldName="name" Label="Name" AllowURLParam="N"/>
        <Element Name="fld_description" Class="LabelText" FieldName="description" Label="Description" AllowURLParam="N"/>
    </DataPanel>
    <ActionPanel>
        <Element Name="lnk_edit" Class="LabelText" Text="Edit" CssClass="button" Link="controller.php?view=easy.view.tree_item&amp;form=easy.form.f_tree_item_edit&amp;fld:Id={@:Elem[fld_Id].Value}" Style="padding: 1 10 1 10; color:black;">
        </Element>
    </ActionPanel> 
    <NavPanel>
    </NavPanel> 
    <SearchPanel>
    </SearchPanel>
</EasyForm>