<?xml version="1.0" encoding="UTF-8"?>
<EasyForm Name="f_tree_structure_list" Class="EasyFormTree" FormType="List" jsClass="jbForm" Title="List of tree_structure" Description="" BizDataObj="easy.d_tree_structure"  RootSearchRule="[PId] is null" TreeDepth="2" PageSize="10" DefaultForm="Y" TemplateEngine="PHP" TemplateFile="tree_php.tpl">
    <DataPanel>        
        <Element Name="fld_name" Class="ColumnText" FieldName="Name" Label="Name"/>	
    </DataPanel>
    <ActionPanel>
        <Element Name="btn_edit" Class="Button" Text="Edit" CssClass="button">
            <EventHandler name="edit_click" event="onclick" function="js:editNode()"/>
        </Element>
        <Element Name="bt_new" Class="Button" Text="New" CssClass="button">
            <EventHandler name="new_click" event="onclick" function="js:newNode()"/>
        </Element>
        <Element Name="btn_delete" Class="Button" Text="Delete" CssClass="button">
            <EventHandler name="del_click" event="onclick" function="js:deleteNode()"/>
        </Element>
    </ActionPanel> 
</EasyForm>