<?xml version="1.0" standalone="no"?>
<Menu Name="Menus" Class="HTMLMenus">
   <MenuItem URL="http://www.yahoo.com" Target="" Caption="Yahoo" Icon="yahoo.gif">
      <MenuItem URL="http://mail.yahoo.com" Target="" Caption="Yahoo email" Icon="yahoo.gif"/>
      <MenuItem URL="http://finance.yahoo.com" Target="" Caption="Yahoo finance ..." Icon="yahoo.gif">
         <MenuItem URL="http://finance.yahoo.com/mt?u" Target="_blank" Caption="Today's market"/>
         <MenuItem URL="http://biz.yahoo.com/top.html" Target="_blank" Caption="News"/>
      </MenuItem>   
   </MenuItem>
   <MenuItem URL="" Target="" Caption="Wizard tests" Icon="wizard.gif">
      <MenuItem URL="controller.php?view=easy.v_EventWizard" Target="" Caption="Create an event" Icon="wizard.gif"/>
   </MenuItem>
   <MenuItem URL="controller.php?view=easy.v_tree_structure" Target="" Caption="Tree Structure" Icon="">
   </MenuItem>
</Menu>
