<?xml version="1.0" encoding="UTF-8"?>
<EasyForm Name="{$form_name}" Class="EasyForm" FormType="" jsClass="jbForm" Title="Details of {$table_name}" Description="" BizDataObj="{$comp}.{$do_name}" DefaultForm="Y" TemplateEngine="Smarty" TemplateFile="detail.tpl">
    <DataPanel>
    {foreach from=$fields item=fld}
    <element Name="fld_{$fld.name}" Class="LabelText" FieldName="{$fld.name}" Label="{$fld.name}"/>
    {/foreach}
</DataPanel>
    <ActionPanel>
        <Element Name="lnk_list" Class="LabelText" Text="Back to list" CssClass="button" Link="controller.php?view={$comp}.{$view_name}&amp;form={$comp}.{$list_form}" Style="padding: 1 10 1 10; color:black;">
        </Element>
        <Element Name="lnk_edit" Class="LabelText" Text="Edit" CssClass="button" Link="controller.php?view={$comp}.{$view_name}&amp;form={$comp}.{$edit_form}&amp;fld:Id={literal}{@:Elem[fld_Id].Value}{/literal}" Style="padding: 1 10 1 10; color:black;">
        </Element>
        <Element Name="lnk_new" Class="LabelText" Text="New" CssClass="button" Link="controller.php?view={$comp}.{$view_name}&amp;form={$comp}.{$new_form}" Style="padding: 1 10 1 10; color:black;">
        </Element>
        <Element Name="btn_delete" Class="Button" Text="Delete" CssClass="button">
            <EventHandler Name="onclick" Event="onclick" Function="DeleteRecord({literal}{@:Elem[fld_Id].Value}{/literal})"  RedirectPage="controller.php?view={$comp}.{$view_name}&amp;form={$comp}.{$list_form}"/>
        </Element>
    </ActionPanel> 
    <NavPanel>
    </NavPanel> 
    <SearchPanel>
    </SearchPanel>
</EasyForm>
