<?xml version="1.0" encoding="UTF-8"?>
<EasyForm Name="{$form_name}" Class="EasyForm" FormType="New" jsClass="jbForm" Title="New {$table_name}" Description="" BizDataObj="{$comp}.{$do_name}" PageSize="10" DefaultForm="Y" TemplateEngine="Smarty" TemplateFile="detail.tpl">
    <DataPanel>
    {foreach from=$fields item=fld}
    <element Name="fld_{$fld.name}" Class="InputText" FieldName="{$fld.name}" Label="{$fld.name}"/>
    {/foreach}
</DataPanel>
    <ActionPanel>
        <Element Name="btn_save" Class="Button" Text="Save" CssClass="button">
            <EventHandler Name="onclick" Event="onclick" Function="SaveRecord()" RedirectPage="controller.php?view={$comp}.{$view_name}&amp;form={$comp}.{$detail_form}&amp;fld:Id={literal}{@:Elem[fld_Id].Value}{/literal}"/>
        </Element>
        <Element Name="btn_cancel" Class="Button" Text="Cancel" CssClass="button">
            <EventHandler Name="onclick" Event="onclick" Function="js:history.go(-1)"/>
        </Element>
    </ActionPanel> 
    <NavPanel>
    </NavPanel> 
    <SearchPanel>
    </SearchPanel>
</EasyForm>
