<?xml version="1.0" standalone="no"?>
<EasyForm Name="f_AttachEdit" Class="F_Attachment" FormType="edit" jsClass="jbForm" Title="Attachment" SearchRule="" BizDataObj="common.d_Attachment" TemplateEngine="Smarty" TemplateFile="edit.tpl">
   <DataPanel>
      <Element Name="fld_id" FieldName="Id" Label="File Id"/>
      <Element Name="fld_pid" FieldName="ParentId" Label="Parent Id"/>
      <Element Name="fld_name" FieldName="Name" Label="File Name"/>
      <Element Name="fld_size" FieldName="Size" Label="File Size"/>
      <Element Name="fld_type" FieldName="Type" Label="Type" Type="Text"/>
      <Element Name="fld_data" FieldName="Data" Label="File" Type="File"/>
      <Element Name="fld_prt_name" FieldName="parent_name" Label="Parent Name"/>
   </DataPanel>
   <ActionPanel>
        <Element Name="btn_save" Class="Button" Text="Save" CssClass="button">
            <EventHandler Name="onclick" Event="onclick" Function="SaveRecord()" ShortcutKey="Enter" ContextMenu="Save" RedirectPage="controller.php?view=easy.v_EventDetail&amp;fld:Id={@:Elem[fld_id].Value}"/>
        </Element>
        <Element Name="btn_cancel" Class="Button" Text="Cancel" CssClass="button">
            <!--<EventHandler Name="onclick" Event="onclick" Function="Cancel({$_GET['referer']})" ShortcutKey="Escape" ContextMenu="Cancel"/>-->
            <EventHandler Name="onclick" Event="onclick" Function="js:history.go(-1)" ShortcutKey="Escape" ContextMenu="Cancel"/>
        </Element>
    </ActionPanel> 
</EasyForm>
