<?xml version="1.0" standalone="no"?>
<EasyForm Name="f_Import" Class="EasyForm" FormType="New" jsClass="jbForm" Title="Import from CSV" TemplateEngine="Smarty" TemplateFile="detail.tpl">
   <DataPanel>
      <Element Name="fld_data" Class="File" FieldName="" Label="Please select a CSV file"/>
   </DataPanel>
   <ActionPanel>
        <Element Name="btn_save" Class="Button" Text="Submit" CssClass="button">
            <EventHandler Name="onclick" Event="onclick" Function="CallService(excelService,importCSV)"/>
        </Element>
        <Element Name="btn_cancel" Class="Button" Text="Cancel" CssClass="button">
            <EventHandler Name="onclick" Event="onclick" Function="Close()"/>
        </Element>
    </ActionPanel> 
    <NavPanel>
    </NavPanel> 
    <SearchPanel>
    </SearchPanel>
</EasyForm>
