<?xml version="1.0" encoding="UTF-8"?>
<EasyForm Name="f_EventEdit" Class="EasyForm" FormType="Edit" jsClass="jbForm" Title="Sports Events" Description="Event BizForm" BizDataObj="easy.d_Event" DefaultForm="Y" TemplateEngine="Smarty" TemplateFile="detail.tpl">
    <DataPanel>
        <Element Name="fld_id" Class="LabelText" FieldName="Id" Label="Event Id"/>
        <Element Name="fld_name" Class="InputText" FieldName="Name" Label="Name" Width="200"/>
        <Element Name="fld_host" Class="InputText" FieldName="Host" Label="Host" Width="200"/>
        <Element Name="fld_loc" Class="InputText" CssClass="jsrequired" FieldName="Location" Label="Location" Width="400"/>
        <Element Name="fld_start" Class="InputDatetime" FieldName="Start" Label="Start" Width="200"/>
        <Element Name="fld_end" Class="InputDatetime" FieldName="End" Label="End" Width="200"/>
        <Element Name="fld_desc" Class="RichText" FieldName="Description" Label="Description" Width="400" Height="200"/>
    </DataPanel>
    <ActionPanel>
        <Element Name="btn_save" Class="Button" Text="Save" CssClass="button">
            <EventHandler Name="onclick" Event="onclick" Function="SaveRecord()" ShortcutKey="Enter" ContextMenu="Save" RedirectPage="controller.php?view=easy.v_EventDetail&amp;fld:Id={@:Elem[fld_id].Value}"/>
        </Element>
        <Element Name="btn_cancel" Class="Button" Text="Cancel" CssClass="button">
            <!--<EventHandler Name="onclick" Event="onclick" Function="Cancel({$_GET['referer']})" ShortcutKey="Escape" ContextMenu="Cancel"/>-->
            <EventHandler Name="onclick" Event="onclick" Function="js:history.go(-1)" ShortcutKey="Escape" ContextMenu="Cancel"/>
        </Element>
    </ActionPanel> 
    <NavPanel>
    </NavPanel> 
    <SearchPanel>
    </SearchPanel>
</EasyForm>
