<?xml version="1.0" encoding="UTF-8"?>
<EasyForm Name="f_RegistList" Class="EasyForm" FormType="List" jsClass="jbForm" Title="Events Registration" Description="" BizDataObj="easy.d_Regist" PageSize="10" DefaultForm="Y" TemplateEngine="Smarty" TemplateFile="list.tpl">
    <DataPanel>
        <Element Name="fld_id" Class="ColumnText" FieldName="Id" Label="Registration Id" Link="controller.php?view=easy.v_Regist&amp;form=easy.f_RegistDetail&amp;fld:Id={@:Elem[fld_id].Value}"/>
        <Element Name="fld_evtid" Class="ColumnText" FieldName="EvtId" Label="Event" Sortable="Y"/>
        <Element Name="fld_attdid" Class="ColumnText" FieldName="AttendeeId" Label="Attendee Id"/>
        <Element Name="fld_attdfn" Class="ColumnText" FieldName="AttdFName" Label="First Name" Sortable="Y"/>
        <Element Name="fld_attdln" Class="ColumnText" FieldName="AttdLName" Label="Last Name" Sortable="Y"/>
        <Element Name="fld_attdnm" Class="ColumnText" FieldName="FullName" Label="Full Name"/>
        <Element Name="fld_fee" Class="ColumnText" FieldName="Fee" Label="Fee"/>
        <Element Name="fld_onschd" Class="ColumnText" FieldName="OnSchedule" Label="On Schedule"/>
    </DataPanel>
    <ActionPanel>
        <Element Name="btn_edit" Class="Button" Text="Edit" CssClass="button">
            <EventHandler Name="onclick" Event="onclick" Function="EditRecord()" RedirectPage="controller.php?view=easy.v_Regist&amp;form=easy.f_RegistEdit&amp;fld:Id={@:Elem[fld_id].Value}"/>
        </Element>
        <Element Name="lnk_new" Class="LabelText" Text="New" CssClass="button" Link="controller.php?view=easy.v_Regist&amp;form=easy.f_RegistNew" Style="padding: 1 10 1 10; color:black;">
        </Element>
        <Element Name="btn_delete" Class="Button" Text="Delete" CssClass="button">
            <EventHandler Name="onclick" Event="onclick" Function="DeleteRecord()" ShortcutKey="Delete" ContextMenu="Delete"/>
        </Element>
        <Element Name="btn_excel" Class="Button" Image="excel.gif" Text="Excel Export" CssClass="button">
            <EventHandler Name="onclick" Event="onclick" Function="CallService(excelService,renderTSV)" FunctionType="Popup"/>
        </Element>
    </ActionPanel> 
    <NavPanel>
        <Element Name="btn_first" Class="Button" Image="prevfirst.gif" Enabled="{(@:m_CurrentPage == 1)?'N':'Y'}" Text="First" CssClass="button">
            <EventHandler Name="onclick" Event="onclick" Function="GotoPage(1)"/>
        </Element>
        <Element Name="btn_prev" Class="Button" Image="prev.gif" Enabled="{(@:m_CurrentPage == 1)?'N':'Y'}" Text="Previous" CssClass="button">
            <EventHandler Name="onclick" Event="onclick" Function="GotoPage({@:m_CurrentPage - 1})" ShortcutKey="Ctrl+Shift+Left"/>
        </Element>
        <Element Name="txt_page" Class="LabelText" Text="{'@:m_CurrentPage of @:m_TotalPages '}">
        </Element>
        <Element Name="btn_next" Class="Button" Image="next.gif" Enabled="{(@:m_CurrentPage == @:m_TotalPages )?'N':'Y'}" Text="Next" CssClass="button">
            <EventHandler Name="onclick" Event="onclick" Function="GotoPage({@:m_CurrentPage + 1})" ShortcutKey="Ctrl+Shift+Right"/>
        </Element>
        <Element Name="btn_last" Class="Button" Image="nextlast.gif" Enabled="{(@:m_CurrentPage == @:m_TotalPages )?'N':'Y'}" Text="Last" CssClass="button">
            <EventHandler Name="onclick" Event="onclick" Function="GotoPage({@:m_TotalPages})"/>
        </Element>
    </NavPanel> 
    <SearchPanel>
        <Element Name="qry_name" Class="InputText" FieldName="AttdLName" Label="Attendee Last Name"/>
        <Element Name="btn_dosearch" Class="Button" text="Search" CssClass="button">
            <EventHandler Name="onclick" Event="onclick" Function="RunSearch()" ShortcutKey="Enter"/>
        </Element>
    </SearchPanel>
</EasyForm>
