<?xml version="1.0" encoding="UTF-8"?>
<EasyForm Name="f_RegistDetail" Class="EasyForm" FormType="" jsClass="jbForm" Title="Events Registration" Description="" BizDataObj="easy.d_Regist" DefaultForm="Y" TemplateEngine="Smarty" TemplateFile="detail.tpl">
    <DataPanel>
        <Element Name="fld_id" Class="LabelText" FieldName="Id" Label="Registration Id"/>
        <Element Name="fld_evtid" Class="LabelText" FieldName="EvtId" Label="Event"/>
        <Element Name="fld_attdid" Class="LabelText" FieldName="AttendeeId" Label="Attendee Id"/>
        <Element Name="fld_attdfn" Class="LabelText" FieldName="AttdFName" Label="First Name"/>
        <Element Name="fld_attdln" Class="LabelText" FieldName="AttdLName" Label="Last Name"/>
        <Element Name="fld_attdnm" Class="LabelText" FieldName="FullName" Label="Full Name"/>
        <Element Name="fld_fee" Class="LabelText" FieldName="Fee" Label="Fee"/>
        <Element Name="fld_onschd" Class="LabelText" FieldName="OnSchedule" Label="On Schedule"/>
    </DataPanel>
    <ActionPanel>
        <Element Name="lnk_list" Class="LabelText" Text="Back to list" CssClass="button" Link="controller.php?view=easy.v_Regist&amp;form=easy.f_RegistList" Style="padding: 1 10 1 10; color:black;">
        </Element>
        <Element Name="lnk_edit" Class="LabelText" Text="Edit" CssClass="button" Link="controller.php?view=easy.v_Regist&amp;form=easy.f_RegistEdit&amp;fld:Id={$_GET['fld:Id']}" Style="padding: 1 10 1 10; color:black;">
        </Element>
        <Element Name="lnk_new" Class="LabelText" Text="New" CssClass="button" Link="controller.php?view=easy.v_Regist&amp;form=easy.f_RegistNew" Style="padding: 1 10 1 10; color:black;">
        </Element>
        <Element Name="btn_delete" Class="Button" Text="Delete" CssClass="button">
            <EventHandler Name="onclick" Event="onclick" Function="DeleteRecord({$_GET['fld:Id']})" ShortcutKey="Delete" ContextMenu="Delete" RedirectPage="controller.php?view=v_Regist&amp;form=easy.f_RegistList"/>
        </Element>
    </ActionPanel> 
    <NavPanel>
    </NavPanel> 
    <SearchPanel>
    </SearchPanel>
</EasyForm>
