<?xml version="1.0" standalone="no"?>
<Tabs Name="EventTabs" Package="demo" Class="HTMLTabs" TemplateFile="subtabs.tpl" ActiveCssClassName="ActiveTab" InactiveCssClassName="InactiveTab">
   <TabViews>
      <View Name="EventAttendee" URL="" View="demo.EventView" Target="" Caption="Attendees" Icon="">
      	<Form Name="demo.FMAttendeeChild" Visible="yes"/>
      	<Form Name="demo.FMRegistChild" Visible="no"/>
      </View>
      <View Name="EventRegist" URL="" Target="" Caption="Registration" Icon="">
      	<Form Name="demo.FMAttendeeChild" Visible="no"/>
      	<Form Name="demo.FMRegistChild" Visible="yes"/>
      </View>
   </TabViews>
</Tabs>
