<?xml version="1.0" encoding="UTF-8"?>
<BizForm BizDataObj="BOAttendeeX" Class="BizForm" Description="Attendee BizForm" Name="FMAttendee" Package="demo" PageSize="5" SearchRule="" Stateless="" Title="Attendee" jsClass="jbForm">
   <DisplayModes>
      <Mode DataFormat="array" FormatStyle="" InitMode="" Name="QUERY" TemplateFile="edit.tpl"/>
      <Mode DataFormat="array" InitMode="" Name="EDIT" TemplateFile="edit_simple.tpl"/>
      <Mode DataFormat="array" InitMode="" Name="NEW" TemplateFile="edit_simple.tpl"/>
      <Mode DataFormat="block" FormatStyle="tbl" InitMode="" Name="READ" TemplateFile="list.tpl"/>
   </DisplayModes>
   <BizCtrlList>
      <BizCtrl DisplayName="Attendee Id" Enabled="N" FieldName="Id" Name="attd_id" Sortable="Y"/>
      <BizCtrl DisplayName="First Name" FieldName="FirstName" Name="attd_fname" Sortable="Y"/>
      <BizCtrl DisplayName="Last Name" FieldName="LastName" Name="attd_lname"/>
      <BizCtrl DisplayName="Other Name" FieldName="OtherName" Name="attd_oname"/>
      <BizCtrl DisplayName="Full Name" FieldName="FullName" Name="attd_fullname" Sortable="Y"/>
      <BizCtrl DisplayName="Phone" FieldName="Phone" Name="attd_phone"/>
      <BizCtrl DisplayName="Email" FieldName="Email" HTMLAttr="required='1' regexp='JSVAL_RX_EMAIL'" Name="attd_email" Required="Y"/>
      <BizCtrl DisplayName="Address" FieldName="Address" Height="50" Name="attd_address" Type="Text" Width="200"/>
      <BizCtrl DisplayName="Type" FieldName="Type" Name="attd_type" SelectFrom="Selection(AttdType)"/>
      <BizCtrl DisplayName="Description" FieldName="Description" Height="50" Name="attd_desc" Style="border:1px solid gray;" Type="Textarea" Width="100"/>
   </BizCtrlList>
   <Toolbar>
      <Control Caption="Search" DisplayMode="READ" Enabled="" Function="SearchRecord()" FunctionType="Modal" HTMLAttr="" Height="" Image="search.gif" Name="btn_search" Style="" Type="Button" Width=""/>
      <Control Caption="Search" DisplayMode="QUERY" Enabled="" Function="RunSearch()" HTMLAttr="" Height="" Image="" Name="btn_dosearch" Style="" Type="button" Width=""/>
      
      <Control Caption="Edit" DisplayMode="READ" Enabled="" Function="EditRecord()" FunctionType="Modal" HTMLAttr="" Height="" Image="edit.gif" Name="btn_edit" Style="" Type="Button" Width="">
		<EventHandler Event="onmouseover" Function="js:formatModal('height=600&amp;width=750&amp;title=Edit Attendee')" FunctionType="" Name="format_new_window"/>
		<EventHandler Event="onclick" Function="EditRecord()" FunctionType="Modal" Name="edit_attendee" ShortcutKey="Ctrl+E"/>
      </Control>
            
      <Control Caption="New" DisplayMode="READ" Enabled="" Function="NewRecord()" FunctionType="Window" HTMLAttr="" Height="" Image="new.gif" Name="btn_new" Style="" Type="Button" Width="">
		<EventHandler Event="onmouseover" Function="js:formatWindow('height=400&amp;width=750&amp;title=New Attendee')" FunctionType="" Name="format_new_window"/>      
		<EventHandler Event="onclick" Function="NewRecord()" FunctionType="Window" Name="new_attendee" ShortcutKey="Ctrl+N"/>
	  </Control>
      <Control Caption="Save" DisplayMode="EDIT|NEW" Enabled="" Function="SaveRecord()" HTMLAttr="" Height="" Image="" Name="btn_save" Style="" Type="Button" Width=""/>
      <Control Caption="Copy" DisplayMode="READ" Function="CopyRecord()" Image="copy.gif" Name="btn_copy" Style="" Type="button"/>
      <Control Caption="Delete" DisplayMode="READ" Function="DeleteRecord()" Image="delete.gif" Name="btn_delete" Style="" Type="button"/>
      <Control Caption="Cancel" DisplayMode="EDIT|NEW|QUERY" Enabled="" Function="Cancel()" HTMLAttr="" Height="" Image="" Name="btn_cancel" Style="" Type="Button" Width=""/>
      <Control Caption="Default Query" DisplayMode="READ" Function="RefreshQuery()" Image="refresh.gif" Name="btn_refresh" Style="" Type="button"/>    
      <Control Caption="Excel Export" DisplayMode="READ" Image="excel.gif" Name="btn_excel" Type="button">
         <EventHandler ContextMenu="Export to Excel" Event="onclick" Function="CallService(service.excelService,renderCSV,demo.FMAttendee,READ)" FunctionType="Popup" Name="onclick"/>
      </Control>
      <Control Caption="Import" DisplayMode="READ" Function="ShowPopup(shared.FMImportPopup)" FunctionType="Popup" HTMLAttr="" Image="" Name="btn_import" Type="Button"/>
      <Control Caption="Report" DisplayMode="READ" Function="CallService(reportService,render)" FunctionType="Popup" HTMLAttr="" Image="" Name="btn_report" Type="Button"/>
   </Toolbar> 
   <Navbar>
   <Control Caption="Last" DisplayMode="" Enabled="" Function="GotoPage(-1)" HTMLAttr="" Height="" Image="nextlast.gif" Name="btn_last" Style="" Type="Button" Width=""/>
   <Control Caption="Next" DisplayMode="" Enabled="" Function="NextPage()" HTMLAttr="" Height="" Image="next.gif" Name="btn_next" Style="" Type="Button" Width=""/>
   <Control Caption="Previous" DisplayMode="" Enabled="" Function="PrevPage()" HTMLAttr="" Height="" Image="prev.gif" Name="btn_prev" Style="" Type="Button" Width=""/>
   <Control Caption="First" DisplayMode="" Enabled="" Function="GotoPage(1)" HTMLAttr="" Height="" Image="prevfirst.gif" Name="btn_first" Style="" Type="Button" Width=""/>
   </Navbar> 
   <Resources>
      <Message Name="msg" Source="mypackage.resource"/>
      <!--
      welcome=Welcome on this site.
      login={0} have be logged in on {1}.
      imagePath=/images/image_en.gif
      -->
      <!-- {@msg:welcome}, {@msg:login(peter,10/20/2005)} -->
   </Resources>
   <Layouts>
      <Layout Controls="attd_id:20, attd_fname:30, attd_lname:30 ..." Name="TableLayout" Type="Table"/>
      <Layout Controls="attd_id(1,1), attd_fname(1,2), attd_lname(2,1) ..." Name="FormLayout" Type="Grid(2)"/>
   </Layouts>
</BizForm>
