<?xml version="1.0" standalone="no"?>
<BizDataObj Name="d_Attachment" Description="" Class="BizDataObj" DBName="" Table="attach" SearchRule="" SortRule="">
	<BizFieldList>
	<BizField Name="Id" Column="SYSID"/>
	<BizField Name="ParentId" Column="PARENT_ID"/>
	<BizField Name="Name" Column="NAME"/>
	<BizField Name="Size" Column="SIZE"/>
	<BizField Name="Type" Column="TYPE"/>
	<BizField Name="Location" Column="LOCATION"/>
	<BizField Name="Data" Column="DATA" Type="Blob"/>
	</BizFieldList>
</BizDataObj>
