<?xml version="1.0" standalone="no"?>
<EasyForm Name="f_AttachList" Class="F_Attachment" FormType="List" jsClass="jbForm" Title="Attachment" SearchRule="" BizDataObj="common.d_Attachment" PageSize="5" TemplateEngine="Smarty" TemplateFile="grid.tpl">
   <DataPanel>
      <Element Name="fld_id" Class="ColumnText" FieldName="Id" Label="File Id"/>
      <Element Name="fld_pid" Class="ColumnText" FieldName="ParentId" Label="Parent Id"/>
      <Element Name="fld_name" Class="ColumnText" FieldName="Name" Label="File Name" link="#">
         <EventHandler Name="onclick" Event="onclick" Function="Download({@:Elem[fld_id].Value})" FunctionType="Page"/>
      </Element>
      <Element Name="fld_size" Class="ColumnText" FieldName="Size" Label="File Size"/>
      <Element Name="fld_type" Class="ColumnText" FieldName="Type" Label="Type" Type="Text"/>
      <Element Name="fld_data" Class="ColumnText" FieldName="Data" Label="File" Type="File"/>
   </DataPanel>
   <ActionPanel>
        <!--<Element Name="btn_edit" Class="Button" Text="Edit" CssClass="button">
            <EventHandler Name="onclick" Event="onclick" Function="EditRecord()" FunctionType="Prop_Window" RedirectPage="controller.php?view=common.v_Popup&amp;form=common.f_AttachEdit&amp;fld:Id={@:Elem[fld_id].Value}"/>
        </Element>-->
        <Element Name="btn_new" Class="Button" Text="Add a file" CssClass="button">
            <EventHandler Name="onclick" Event="onclick" Function="LoadPopForm(common.v_Popup,common.f_AttachNew)" FunctionType="Prop_Window"/>
        </Element>
        <Element Name="btn_delete" Class="Button" Text="Delete" CssClass="button">
            <EventHandler Name="onclick" Event="onclick" Function="DeleteRecord()"/>
        </Element>
    </ActionPanel> 
    <NavPanel>
        <Element Name="btn_first" Class="Button" Image="prevfirst.gif" Enabled="{(@:m_CurrentPage == 1)?'N':'Y'}" Text="First" CssClass="button">
            <EventHandler Name="onclick" Event="onclick" Function="GotoPage(1)"/>
        </Element>
        <Element Name="btn_prev" Class="Button" Image="prev.gif" Enabled="{(@:m_CurrentPage == 1)?'N':'Y'}" Text="Previous" CssClass="button">
            <EventHandler Name="onclick" Event="onclick" Function="GotoPage({@:m_CurrentPage - 1})" ShortcutKey="Ctrl+Shift+Left"/>
        </Element>
        <Element Name="txt_page" Class="LabelText" Text="{'@:m_CurrentPage of @:m_TotalPages '}">
        </Element>
        <Element Name="btn_next" Class="Button" Image="next.gif" Enabled="{(@:m_CurrentPage == @:m_TotalPages )?'N':'Y'}" Text="Next" CssClass="button">
            <EventHandler Name="onclick" Event="onclick" Function="GotoPage({@:m_CurrentPage + 1})" ShortcutKey="Ctrl+Shift+Right"/>
        </Element>
        <Element Name="btn_last" Class="Button" Image="nextlast.gif" Enabled="{(@:m_CurrentPage == @:m_TotalPages )?'N':'Y'}" Text="Last" CssClass="button">
            <EventHandler Name="onclick" Event="onclick" Function="GotoPage({@:m_TotalPages})"/>
        </Element>
    </NavPanel> 
    <SearchPanel>
        <Element Name="qry_filename" Class="InputText" FieldName="Name" Label="File Name"/>
        <Element Name="btn_dosearch" Class="Button" text="Search" CssClass="button">
            <EventHandler Name="onclick" Event="onclick" Function="RunSearch()" ShortcutKey="Enter"/>
        </Element>
    </SearchPanel>
</EasyForm>
