<?xml version="1.0" standalone="no"?>
<BizForm Name="FMEventWzd1" Package="demo" Class="BizFormWizard" jsClass="jbForm" Title="Event information:" SearchRule="[Id]='{@demo.EventWizardView:param[Evt_Id].Value}'" Description="Event BizForm" BizDataObj="BOEvent">
   <DisplayModes>
      <Mode Name="EDIT" TemplateFile="edit.tpl" DataFormat="array" FormatStyle="" />
   </DisplayModes>
   <BizCtrlList>
      <BizCtrl Name="evt_id" FieldName="Id" DisplayName="Event Id" />
      <BizCtrl Name="evt_name" FieldName="Name" DisplayName="Name" Type="" Width="250" />
      <BizCtrl Name="evt_desc" FieldName="Description" DisplayName="Description" Type="Textarea" Width="250" Height="100" />
      <BizCtrl Name="evt_host" FieldName="Host" DisplayName="Host" />
   </BizCtrlList>
   <Toolbar>
      <Control Name="btn_back" Image="" Caption="&lt; Back" Type="Button" Function="GoPrev()" />
      <Control Name="btn_next" Image="" Caption="Next &gt;" Type="Button" Function="GoNext()" />
      <Control Name="btn_cancel" Image="" Caption="Cancel" Type="Button" Function="DoCancel()" PostAction="view:demo.EventView"/>
      <Control Name="btn_finish" Image="" Caption="Finish" Type="Button" Function="DoFinish()" PostAction="view:demo.EventView"/>
   </Toolbar> 
   <Navbar>
   </Navbar> 
</BizForm>
