<?xml version="1.0" encoding="UTF-8"?>
<EasyForm Name="{$form_name}" Class="EasyForm" FormType="List" jsClass="jbForm" Title="List of {$table_name}" Description="" BizDataObj="{$comp}.{$do_name}" PageSize="10" DefaultForm="Y" TemplateEngine="Smarty" TemplateFile="list.tpl">
    <DataPanel>
    {foreach from=$fields item=fld}
    {if $fld.name == 'Id'}
    <Element Name="fld_{$fld.name}" Class="ColumnText" FieldName="{$fld.name}" Label="{$fld.name}" Sortable="Y" Link="controller.php?view={$comp}.{$view_name}&amp;form={$comp}.{$detail_form}&amp;fld:Id={literal}{@:Elem[fld_Id].Value}{/literal}"/>
    {else}
    <Element Name="fld_{$fld.name}" Class="ColumnText" FieldName="{$fld.name}" Label="{$fld.name}" Sortable="Y"/>
    {/if}
    {/foreach}
</DataPanel>
    <ActionPanel>
        <Element Name="btn_edit" Class="Button" Text="Edit" CssClass="button">
            <EventHandler Name="onclick" Event="onclick" Function="EditRecord()" RedirectPage="controller.php?view={$comp}.{$view_name}&amp;form={$comp}.{$edit_form}&amp;fld:Id={literal}{@:Elem[fld_Id].Value}{/literal}"/>
        </Element>
        <Element Name="lnk_new" Class="LabelText" Text="New" CssClass="button" Link="controller.php?view={$comp}.{$view_name}&amp;form={$comp}.{$new_form}" Style="padding: 1 10 1 10; color:black;">
        </Element>
        <Element Name="btn_delete" Class="Button" Text="Delete" CssClass="button">
            <EventHandler Name="onclick" Event="onclick" Function="DeleteRecord()" ShortcutKey="Delete" ContextMenu="Delete"/>
        </Element>
        <Element Name="btn_excel" Class="Button" text="Excel Export" CssClass="button">
            <EventHandler Name="onclick" Event="onclick" Function="CallService(excelService,renderCSV)" FunctionType="Popup"/>
        </Element>
    </ActionPanel> 
    <NavPanel>{literal}
        <Element Name="btn_first" Class="Button" Image="prevfirst.gif" Enabled="{(@:m_CurrentPage == 1)?'N':'Y'}" Text="First" CssClass="button">
            <EventHandler Name="onclick" Event="onclick" Function="GotoPage(1)"/>
        </Element>
        <Element Name="btn_prev" Class="Button" Image="prev.gif" Enabled="{(@:m_CurrentPage == 1)?'N':'Y'}" Text="Previous" CssClass="button">
            <EventHandler Name="onclick" Event="onclick" Function="GotoPage({@:m_CurrentPage - 1})" ShortcutKey="Ctrl+Shift+Left"/>
        </Element>
        <Element Name="txt_page" Class="LabelText" Text="{'@:m_CurrentPage of @:m_TotalPages '}">
        </Element>
        <Element Name="btn_next" Class="Button" Image="next.gif" Enabled="{(@:m_CurrentPage == @:m_TotalPages )?'N':'Y'}" Text="Next" CssClass="button">
            <EventHandler Name="onclick" Event="onclick" Function="GotoPage({@:m_CurrentPage + 1})" ShortcutKey="Ctrl+Shift+Right"/>
        </Element>
        <Element Name="btn_last" Class="Button" Image="nextlast.gif" Enabled="{(@:m_CurrentPage == @:m_TotalPages )?'N':'Y'}" Text="Last" CssClass="button">
            <EventHandler Name="onclick" Event="onclick" Function="GotoPage({@:m_TotalPages})"/>
        </Element>{/literal}
    </NavPanel> 
    <SearchPanel>
        <Element Name="qry_id" Class="InputText" FieldName="Id" Label="Id"/>
        <Element Name="btn_dosearch" Class="Button" text="Search" CssClass="button">
            <EventHandler Name="onclick" Event="onclick" Function="RunSearch()"/>
        </Element>
    </SearchPanel>
</EasyForm>
