<?xml version="1.0" standalone="no"?>
<EasyForm Name="f_AttachNew" Class="F_Attachment" FormType="New" jsClass="jbForm" Title="Attachment" SearchRule="" BizDataObj="common.d_Attachment" TemplateEngine="Smarty" TemplateFile="detail.tpl">
   <DataPanel>
      <Element Name="fld_id" Class="InputText" FieldName="Id" Label="File Id"/>
      <Element Name="fld_pid" Class="InputText" FieldName="ParentId" Label="Parent Id"/>
      <Element Name="fld_data" Class="File" FieldName="Data" Label="File"/>
   </DataPanel>
   <ActionPanel>
        <Element Name="btn_save" Class="Button" Text="Save" CssClass="button">
            <EventHandler Name="onclick" Event="onclick" Function="SaveRecord()" ShortcutKey="Enter" ContextMenu="Save"/>
        </Element>
        <Element Name="btn_cancel" Class="Button" Text="Cancel" CssClass="button">
            <EventHandler Name="onclick" Event="onclick" Function="Close()"/>
        </Element>
    </ActionPanel> 
    <NavPanel>
    </NavPanel> 
    <SearchPanel>
    </SearchPanel>
</EasyForm>
