<?xml version="1.0" encoding="UTF-8"?>
<EasyForm Name="f_AttendeeListChild" class="EasyForm" FormType="List" jsClass="jbForm" Title="Event Attendees" Description="Attendee Form" BizDataObj="easy.d_Attendee" PageSize="10" TemplateEngine="Smarty" TemplateFile="list.tpl">
    <DataPanel>
        <Element Name="fld_id" Class="ColumnText" FieldName="Id" Label="Attendee Id"/>
        <Element Name="fld_fname" Class="ColumnText" FieldName="FirstName" Label="First Name"/>
        <Element Name="fld_lname" Class="ColumnText" FieldName="LastName" Label="Last Name" Sortable="Y"/>
        <Element Name="fld_phone" Class="ColumnText" FieldName="Phone" Label="Phone"/>
        <Element Name="fld_email" Class="ColumnText" FieldName="Email" Label="Email"/>
        <Element Name="fld_addr" Class="ColumnText" FieldName="Address" Label="Address"/>
        <Element Name="fld_desc" Class="ColumnText" FieldName="Description" Label="Description"/>
    </DataPanel>
    <ActionPanel>
        <Element Name="btn_add" Class="Button" text="Add" CssClass="button">
            <EventHandler Name="onclick" Event="onclick" Function="LoadPicker(easy.v_Picker,easy.f_AttendeePicker)" FunctionType="Prop_Window"/>
        </Element>
        <Element Name="btn_remove" Class="Button" Text="Remove" CssClass="button">
            <EventHandler Name="onclick" Event="onclick" Function="RemoveRecord()"/>
        </Element>
    </ActionPanel> 
    <NavPanel>
        <Element Name="btn_first" Class="Button" Image="prevfirst.gif" Enabled="{(@:m_CurrentPage == 1)?'N':'Y'}" Text="First" CssClass="button">
            <EventHandler Name="onclick" Event="onclick" Function="GotoPage(1)"/>
        </Element>
        <Element Name="btn_prev" Class="Button" Image="prev.gif" Enabled="{(@:m_CurrentPage == 1)?'N':'Y'}" Text="Previous" CssClass="button">
            <EventHandler Name="onclick" Event="onclick" Function="GotoPage({@:m_CurrentPage - 1})" ShortcutKey="Ctrl+Shift+Left"/>
        </Element>
        <Element Name="txt_page" Class="LabelText" Text="{'@:m_CurrentPage of @:m_TotalPages '}">
        </Element>
        <Element Name="btn_next" Class="Button" Image="next.gif" Enabled="{(@:m_CurrentPage == @:m_TotalPages )?'N':'Y'}" Text="Next" CssClass="button">
            <EventHandler Name="onclick" Event="onclick" Function="GotoPage({@:m_CurrentPage + 1})" ShortcutKey="Ctrl+Shift+Right"/>
        </Element>
        <Element Name="btn_last" Class="Button" Image="nextlast.gif" Enabled="{(@:m_CurrentPage == @:m_TotalPages )?'N':'Y'}" Text="Last" CssClass="button">
            <EventHandler Name="onclick" Event="onclick" Function="GotoPage({@:m_TotalPages})"/>
        </Element>
    </NavPanel> 
    <SearchPanel>
        <Element Name="qry_lname" Class="InputText" FieldName="LastName" Label="Last Name"/>
        <Element Name="btn_dosearch" Class="Button" text="Search" CssClass="button">
            <EventHandler Name="onclick" Event="onclick" Function="RunSearch()" ShortcutKey="Enter"/>
        </Element>
    </SearchPanel>
</EasyForm>

