<?xml version="1.0" standalone="no"?>
<BizDataObj Name="BOCalDetail" Description="Calendar BizDataObj" Package="shared" Class="BizDataObj" InheritFrom="" DBName="" Table="calevts" SearchRule="" SortRule="" OtherSQLRule="" CacheMode="1">
	<BizFieldList>
      <BizField Name="Id" Column="SYSID"/>
      <BizField Name="Subject" Column="SUBJECT" Required="Y"/>
      <BizField Name="Type" Column="TYPE"/>
      <BizField Name="Location" Column="LOCATION"/>
      <BizField Name="Notes" Column="NOTES"/>
      <BizField Name="Start" Column="STARTTIME" Type="Datetime" Format="%Y-%m-%d %H:%M:%S"/>
      <BizField Name="End" Column="ENDTIME" Type="Datetime" Format="%Y-%m-%d %H:%M:%S"/>
      <BizField Name="Repeated" Column="REPEATFLAG"/>
      <BizField Name="RepeatCycle" Column="REPEATCYCLE"/>
      <BizField Name="RepeatEnd" Column="REPEATEND" Type="Datetime" Format="%Y-%m-%d %H:%M:%S"/>
      <BizField Name="AttdId" Join="evts_attds" Column="ATD_ID"/>
      <BizField Name="AttdLName" Join="attds" Column="LNAME"/>
      <BizField Name="AttdFName" Join="attds" Column="FNAME"/>
   </BizFieldList>
   <TableJoins>
      <join Name="evts_attds" Table="calevts_attds" Column="EVT_ID" ColumnRef="SYSID" JoinType="LEFT JOIN"/>
      <join Name="attds" Table="calattds" Column="SYSID" JoinRef="evts_attds" ColumnRef="ATD_ID" JoinType="LEFT JOIN"/>
   </TableJoins>
   <!-- ObjReference is new in openbiz2 -->
   <ObjReferences>
      <Object Name="BOCalAttendee" Description="Attendees of events" Relationship="M-M" Table="calattds" Column="SYSID" FieldRef="Id" CascadeDelete="Y" XTable="calevts_attds" XColumn1="EVT_ID" XColumn2="ATD_ID" XKeyColumn="SYSID"/>
   </ObjReferences>
</BizDataObj>
