<?xml version="1.0" standalone="no"?>
<BizDataObj Name="BOReport" Description="" Package="demo" Class="BizDataObj" DBName="" Table="regist" SearchRule="" SortRule="" OtherSQLRule="">
	<BizFieldList>
      <BizField Name="Id" Column="SYSID"/>
      <BizField Name="AttendeeId" Column="ATTENDEE_ID"/>
      <BizField Name="EvtId" Column="EVENT_ID"/>
      <BizField Name="Fee" Column="FEE" Type="Currency" Format="Currency"/>
      <BizField Name="AttdLName" Join="attendee" Column="LASTNAME"/>
      <BizField Name="AttdFName" Join="attendee" Column="FIRSTNAME"/>
      <BizField Name="AttdPhone" Join="attendee" Column="PHONE" Type="Phone" Format="(###) ###-####"/>
      <BizField Name="AttdEmail" Join="attendee" Column="EMAIL"/>
      <BizField Name="AttdAddress" Join="attendee" Column="ADDRESS"/>
      <BizField Name="AttdFullName" Value="{[AttdFName]} {[AttdLName]}"/>
      <BizField Name="EvtName" Join="events" Column="NAME"/>
   </BizFieldList>
   <TableJoins>
      <Join Name="attendee" Table="attendee" Column="SYSID" ColumnRef="ATTENDEE_ID" JoinType="INNER JOIN"/>
      <Join Name="events" Table="events" Column="SYSID" ColumnRef="EVENT_ID" JoinType="INNER JOIN"/>
   </TableJoins>
</BizDataObj>
